{
    "mse": 0.7867051793868208,
    "mae": 0.6822595682855822,
    "r2": 0.2139836912778913
}